Title,Authors,DOI,date_avail,Link,Date_Received,Date_Accepted,Date_online,Acceptance_Time,Countries,Pub_name,Document_type
 COVID-19 in Latin America: The implications of<br>the first confirmed case in Brazil,Alfonso J. Rodriguez-Morales;Viviana Gallego;Juan Pablo Escalera-Antezana;Claudio A. MÃ©ndez;Sergio Cimerman;,10.1016/j.tmaid.2020.101613,29/02/2020,https://www.sciencedirect.com/science/article/pii/S1477893920300806?dgcid=api_sd_search-api-endpoint,27/02/2020,28/02/2020,29/02/2020,2 days 00:00:00.000000000,"{'Colombia', 'Peru'}",Travel Medicine and Infectious Disease,Editorial
 Transmission potential of the novel<br>coronavirus (COVID-19) onboard the diamond Princess<br>Cruises Ship 2020,Kenji Mizumoto;Gerardo Chowell;,10.1016/j.idm.2020.02.003,29/02/2020,https://www.sciencedirect.com/science/article/pii/S2468042720300063?dgcid=api_sd_search-api-endpoint,25/02/2020,27/02/2020,29/02/2020,3 days 00:00:00.000000000,"{'United States', 'Japan'}",Infectious Disease Modelling,Article
 The Chinese governance system: Its strengths<br>and weaknesses in a comparative development<br>perspective,Pranab Bardhan,10.1016/j.chieco.2020.101430,28/02/2020,https://www.sciencedirect.com/science/article/pii/S1043951X20300274?dgcid=api_sd_search-api-endpoint,,,12/12/2030,,{'United States'},China Economic Review,Article
 Anti-HCV nucleotide inhibitors<br>repurposing against COVID-19,Abdo A. Elfiky,10.1016/j.lfs.2020.117477,28/02/2020,https://www.sciencedirect.com/science/article/pii/S0024320520302253?dgcid=api_sd_search-api-endpoint,27/01/2020,26/02/2020,28/02/2020,31 days 00:00:00.000000000,"{'Saudi Arabia', 'Egypt'}",Life Sciences,Article
 Anesthetic Management of Patients with COVID<br>19 Infections during Emergency Procedures,Shuai Zhao;Ken Ling;Hong Yan;Liang Zhong;Xiangdong Chen;,10.1053/j.jvca.2020.02.039,28/02/2020,https://www.sciencedirect.com/science/article/pii/S105307702030197X?dgcid=api_sd_search-api-endpoint,06/02/2020,24/02/2020,28/02/2020,19 days 00:00:00.000000000,{'China'},Journal of Cardiothoracic and Vascular Anesthesia,Article
 Pulmonary Pathology of Early-Phase 2019 Novel<br>Coronavirus (COVID-19) Pneumonia in Two Patients With Lung<br>Cancer,Sufang Tian;Weidong Hu;Li Niu;Huan Liu;Shu-Yuan Xiao;,10.1016/j.jtho.2020.02.010,28/02/2020,https://www.sciencedirect.com/science/article/pii/S1556086420301325?dgcid=api_sd_search-api-endpoint,18/02/2020,20/02/2020,28/02/2020,3 days 00:00:00.000000000,{'China'},Journal of Thoracic Oncology,Article
 Novel coronavirus disease (Covid-19): The<br>first two patients in the UK with person to person<br>transmission,Patrick J. Lillie;Anda Samson;Ang Li;Kate Adams; theÂ AirborneÂ HCIDÂ Network;,10.1016/j.jinf.2020.02.020,28/02/2020,https://www.sciencedirect.com/science/article/pii/S016344532030102X?dgcid=api_sd_search-api-endpoint,21/02/2020,25/02/2020,28/02/2020,5 days 00:00:00.000000000,{'United Kingdom'},Journal of Infection,Letter
 Rapid random access detection of the novel<br>SARS-coronavirus-2 (SARS-CoV-2 previously 2019-nCoV) using an<br>open access protocol for the Panther Fusion,Anne K. Cordes;Albert Heim;,10.1016/j.jcv.2020.104305,28/02/2020,https://www.sciencedirect.com/science/article/pii/S1386653220300470?dgcid=api_sd_search-api-endpoint,04/02/2020,25/02/2020,28/02/2020,22 days 00:00:00.000000000,{'Germany'},Journal of Clinical Virology,Letter
 <ce:markerÂ name=autintrÂ alt=Author<br>InterviewÂ altimg-small=autintr_s.svgÂ altimg=autintr_o.svg></ce:marker>Guide to Understanding the 2019 Novel Coronavirus,Aditya Shah;Rahul Kashyap;Pritish Tosh;Priya Sampathkumar;John C. OâHoro;,10.1016/j.mayocp.2020.02.003,28/02/2020,https://www.sciencedirect.com/science/article/pii/S0025619620301476?dgcid=api_sd_search-api-endpoint,28/01/2020,06/02/2020,28/02/2020,10 days 00:00:00.000000000,{'United States'},Mayo Clinic Proceedings,Short Survey
 Coronavirus outbreak: the role of companies in<br>preparedness and responses,Marc Fadel;JÃ©rÃ´me Salomon;Alexis Descatha;,10.1016/S2468-2667(20)30051-7,28/02/2020,https://www.sciencedirect.com/science/article/pii/S2468266720300517?dgcid=api_sd_search-api-endpoint,22/02/2020,26/02/2020,28/02/2020,5 days 00:00:00.000000000,set(),The Lancet Public Health,Correspondence
 How African migrants in China cope with<br>barriers to health care,Adams Bodomo;Andrian Liem;Lavinia Lin;Brian J Hall;,10.1016/S2468-2667(20)30048-7,28/02/2020,https://www.sciencedirect.com/science/article/pii/S2468266720300487?dgcid=api_sd_search-api-endpoint,17/02/2020,20/02/2020,28/02/2020,4 days 00:00:00.000000000,set(),The Lancet Public Health,Correspondence
 Feasibility of controlling COVID-19<br>outbreaks by isolation of cases and contacts,Joel Hellewell;Sam Abbott;Amy Gimma;Nikos I Bosse;Rosalind M Eggo;,10.1016/S2214-109X(20)30074-7,28/02/2020,https://www.sciencedirect.com/science/article/pii/S2214109X20300747?dgcid=api_sd_search-api-endpoint,19/02/2020,20/02/2020,28/02/2020,2 days 00:00:00.000000000,set(),The Lancet Global Health,Articles
 Psychological crisis intervention during the<br>outbreak period of new coronavirus pneumonia from<br>experience in Shanghai,Xixi Jiang;Lili Deng;Yuncheng Zhu;Haifeng Ji;Weidong Ji;,10.1016/j.psychres.2020.112903,28/02/2020,https://www.sciencedirect.com/science/article/pii/S0165178120304200?dgcid=api_sd_search-api-endpoint,25/02/2020,27/02/2020,28/02/2020,3 days 00:00:00.000000000,{'China'},Psychiatry Research,Article
 The psychiatric impact of the novel<br>coronavirus outbreak,Poliana Moreira de Medeiros Carvalho;Marcial Moreno Moreira;Matheus Nogueira Arcanjo de Oliveira;JosÃ© Marcondes Macedo Landim;Modesto Leite Rolim Neto;,10.1016/j.psychres.2020.112902,28/02/2020,https://www.sciencedirect.com/science/article/pii/S0165178120302924?dgcid=api_sd_search-api-endpoint,11/02/2020,27/02/2020,28/02/2020,17 days 00:00:00.000000000,{'Brazil'},Psychiatry Research,Letter
 Is Africa prepared for tackling the COVID-19<br>(SARS-CoV-2) epidemic. Lessons from past outbreaks<br>ongoing pan-African public health efforts and<br>implications for the future,Nathan Kapata;Chikwe Ihekweazu;Francine Ntoumi;Tajudeen Raji;Alimuddin Zumla;,10.1016/j.ijid.2020.02.049,28/02/2020,https://www.sciencedirect.com/science/article/pii/S1201971220301077?dgcid=api_sd_search-api-endpoint,19/02/2020,23/02/2020,28/02/2020,5 days 00:00:00.000000000,{'Zambia'},International Journal of Infectious Diseases,Editorial
 The response of Milan's Emergency Medical<br>System to the COVID-19 outbreak in Italy,Stefano Spina;Francesco Marrazzo;Maurizio Migliari;Riccardo Stucchi;Roberto Fumagalli;,10.1016/S0140-6736(20)30493-1,28/02/2020,https://www.sciencedirect.com/science/article/pii/S0140673620304931?dgcid=api_sd_search-api-endpoint,26/02/2020,26/02/2020,28/02/2020,1 days 00:00:00.000000000,set(),The Lancet,Correspondence
 Covid-19 goes global,Debora MacKenzie,10.1016/S0262-4079(20)30424-3,28/02/2020,https://www.sciencedirect.com/science/article/pii/S0262407920304243?dgcid=api_sd_search-api-endpoint,12/12/2030,07/05/2020,15/05/2020,-3870 days +00:00:00.000000000,set(),New Scientist,"News & Technology
               
                  Coronavirus"
 A pandemic in all but name,unknown,10.1016/S0262-4079(20)30423-1,28/02/2020,https://www.sciencedirect.com/science/article/pii/S0262407920304231?dgcid=api_sd_search-api-endpoint,22/05/2020,27/05/2020,31/05/2020,6 days 00:00:00.000000000,set(),New Scientist,"Leader
               
                  The Leader"
 Clinical Study of Mesenchymal Stem Cell<br>Treatment for Acute Respiratory Distress Syndrome<br>Induced by Epidemic Influenza A (H7N9) Infection: A<br>Hint for COVID-19 Treatment,Jiajia Chen;Chenxia Hu;Lijun Chen;Lingling Tang;Lanjuan Li;,10.1016/j.eng.2020.02.006,28/02/2020,https://www.sciencedirect.com/science/article/pii/S2095809920300370?dgcid=api_sd_search-api-endpoint,17/02/2020,22/02/2020,28/02/2020,6 days 00:00:00.000000000,{'China'},Engineering,Research Corona Virus Disease 2019—Article
 Outbreak of a new coronavirus: what<br>anaesthetists should know,Philip W. H. Peng;Pak-Leung Ho;Susy S. Hota;,10.1016/j.bja.2020.02.008,27/02/2020,https://www.sciencedirect.com/science/article/pii/S0007091220300982?dgcid=api_sd_search-api-endpoint,11/02/2020,12/02/2020,27/02/2020,2 days 00:00:00.000000000,{'Canada'},British Journal of Anaesthesia,Editorial
 Convalescent plasma as a potential therapy for<br>COVID-19,Long Chen;Jing Xiong;Lei Bao;Yuan Shi;,10.1016/S1473-3099(20)30141-9,27/02/2020,https://www.sciencedirect.com/science/article/pii/S1473309920301419?dgcid=api_sd_search-api-endpoint,11/02/2020,18/02/2020,27/02/2020,8 days 00:00:00.000000000,set(),The Lancet Infectious Diseases,Comment
 Comparison of different samples for 2019 novel<br>coronavirus detection by nucleic acid amplification tests,Chunbao Xie;Lingxi Jiang;Guo Huang;Hong Pu;Zhenglin Yang;,10.1016/j.ijid.2020.02.050,27/02/2020,https://www.sciencedirect.com/science/article/pii/S1201971220301089?dgcid=api_sd_search-api-endpoint,17/02/2020,22/02/2020,27/02/2020,6 days 00:00:00.000000000,{'China'},International Journal of Infectious Diseases,Article
 COVID-19: combining antiviral and<br>anti-inflammatory treatments,Justin Stebbing;Anne Phelan;Ivan Griffin;Catherine Tucker;Peter Richardson;,10.1016/S1473-3099(20)30132-8,27/02/2020,https://www.sciencedirect.com/science/article/pii/S1473309920301328?dgcid=api_sd_search-api-endpoint,18/02/2020,18/02/2020,27/02/2020,1 days 00:00:00.000000000,set(),The Lancet Infectious Diseases,Comment
 COVID-19 in medical personnel: observation<br>from Thailand,B. Joob;V. Wiwanitkit;,10.1016/j.jhin.2020.02.016,27/02/2020,https://www.sciencedirect.com/science/article/pii/S0195670120300906?dgcid=api_sd_search-api-endpoint,22/02/2020,23/02/2020,27/02/2020,2 days 00:00:00.000000000,{'Thailand'},Journal of Hospital Infection,Letter
 Integrated infection control strategy to<br>minimize nosocomial infection of coronavirus disease<br>2019 among ENT healthcare workers,D. Lu;H. Wang;R. Yu;H. Yang;Y. Zhao;,10.1016/j.jhin.2020.02.018,27/02/2020,https://www.sciencedirect.com/science/article/pii/S019567012030092X?dgcid=api_sd_search-api-endpoint,12/02/2020,22/02/2020,27/02/2020,11 days 00:00:00.000000000,{'China'},Journal of Hospital Infection,Letter
 Trend and forecasting of the COVID-19 outbreak<br>in China,Qiang Li;Wei Feng;Ying-Hui Quan;,10.1016/j.jinf.2020.02.014,27/02/2020,https://www.sciencedirect.com/science/article/pii/S0163445320300955?dgcid=api_sd_search-api-endpoint,18/02/2020,20/02/2020,27/02/2020,3 days 00:00:00.000000000,{'China'},Journal of Infection,Letter
 Characteristics of COVID-19 infection in<br>Beijing,Sijia Tian;Nan Hu;Jing Lou;Kun Chen;Jinjun Zhang;,10.1016/j.jinf.2020.02.018,27/02/2020,https://www.sciencedirect.com/science/article/pii/S0163445320301018?dgcid=api_sd_search-api-endpoint,19/02/2020,21/02/2020,27/02/2020,3 days 00:00:00.000000000,{'China'},Journal of Infection,Article
 COVID-19: preparing for superspreader<br>potential among Umrah pilgrims to Saudi Arabia,Shahul H Ebrahim;Ziad A Memish;,10.1016/S0140-6736(20)30466-9,27/02/2020,https://www.sciencedirect.com/science/article/pii/S0140673620304669?dgcid=api_sd_search-api-endpoint,25/02/2020,25/02/2020,27/02/2020,1 days 00:00:00.000000000,set(),The Lancet,Correspondence
 Looming threat of COVID-19 infection in<br>Africa: act collectively and fast,John N Nkengasong;Wessam Mankoula;,10.1016/S0140-6736(20)30464-5,27/02/2020,https://www.sciencedirect.com/science/article/pii/S0140673620304645?dgcid=api_sd_search-api-endpoint,21/02/2020,24/02/2020,27/02/2020,4 days 00:00:00.000000000,set(),The Lancet,Comment
 Lessons for managing high-consequence<br>infections from first COVID-19 cases in the UK,Peter Moss;Gavin Barlow;Nicholas Easom;Patrick Lillie;Anda Samson;,10.1016/S0140-6736(20)30463-3,27/02/2020,https://www.sciencedirect.com/science/article/pii/S0140673620304633?dgcid=api_sd_search-api-endpoint,10/02/2020,25/02/2020,27/02/2020,16 days 00:00:00.000000000,set(),The Lancet,Correspondence
 Indian pharma threatened by COVID-19<br>shutdowns in China,Patralekha Chatterjee,10.1016/S0140-6736(20)30459-1,27/02/2020,https://www.sciencedirect.com/science/article/pii/S0140673620304591?dgcid=api_sd_search-api-endpoint,12/12/2030,12/12/2030,12/12/2030,1 days 00:00:00.000000000,set(),The Lancet,World Report
 How to fight an infodemic,John Zarocostas,10.1016/S0140-6736(20)30461-X,27/02/2020,https://www.sciencedirect.com/science/article/pii/S014067362030461X?dgcid=api_sd_search-api-endpoint,12/12/2030,12/12/2030,12/12/2030,1 days 00:00:00.000000000,set(),The Lancet,World Report
 Asymptomatic coronavirus infection:<br>MERS-CoV and SARS-CoV-2 (COVID-19),Jaffar A. Al-Tawfiq,10.1016/j.tmaid.2020.101608,27/02/2020,https://www.sciencedirect.com/science/article/pii/S1477893920300752?dgcid=api_sd_search-api-endpoint,18/02/2020,27/04/2020,24/05/2020,70 days 00:00:00.000000000,"{'Saudi Arabia', 'United States'}",Travel Medicine and Infectious Disease,Letter to the Editor
 Integrated infection control strategy to<br>minimize nosocomial infection of coronavirus disease<br>2019 among ENT healthcare workers,D. Lu;H. Wang;R. Yu;H. Yang;Y. Zhao;,10.1016/j.jhin.2020.02.018,27/02/2020,https://www.sciencedirect.com/science/article/pii/S019567012030092X?dgcid=api_sd_search-api-endpoint,12/02/2020,22/02/2020,27/02/2020,11 days 00:00:00.000000000,{'China'},Journal of Hospital Infection,Letter
 Analysis of therapeutic targets for<br>SARS-CoV-2 and discovery of potential drugs by<br>computational methods,Canrong Wu;Yang Liu;Yueying Yang;Peng Zhang;Hua Li;,10.1016/j.apsb.2020.02.008,27/02/2020,https://www.sciencedirect.com/science/article/pii/S2211383520302999?dgcid=api_sd_search-api-endpoint,12/02/2020,18/02/2020,27/02/2020,7 days 00:00:00.000000000,{'China'},Acta Pharmaceutica Sinica B,ORIGINAL ARTICLE
 COVID-19: Zoonotic aspects,Tauseef Ahmad;Muhammad Khan; Haroon;Taha Hussein Musa;Alfonso J. Rodriguez-Morales;,10.1016/j.tmaid.2020.101607,27/02/2020,https://www.sciencedirect.com/science/article/pii/S1477893920300740?dgcid=api_sd_search-api-endpoint,13/02/2020,24/02/2020,27/02/2020,12 days 00:00:00.000000000,{'China'},Travel Medicine and Infectious Disease,Letter
 Outbreak of a new coronavirus: what<br>anaesthetists should know,Philip W. H. Peng;Pak-Leung Ho;Susy S. Hota;,10.1016/j.bja.2020.02.008,27/02/2020,https://www.sciencedirect.com/science/article/pii/S0007091220300982?dgcid=api_sd_search-api-endpoint,11/02/2020,12/02/2020,27/02/2020,2 days 00:00:00.000000000,{'Canada'},British Journal of Anaesthesia,Editorial
 Virus emergentes y reemergentes: un nuevo reto<br>para la salud mundial del milenio,Marֳ­a Lujan Cuestas;Marֳ­a Laura Minassian;,10.1016/j.ram.2020.02.001,27/02/2020,https://www.sciencedirect.com/science/article/pii/S0325754120300031?dgcid=api_sd_search-api-endpoint,12/12/2030,12/12/2030,27/02/2020,1 days 00:00:00.000000000,{'Argentina'},Revista Argentina de Microbiologia,Article
 Caring for persons in detention suffering with<br>mental illness during the Covid-19 outbreak,Michael Liebrenz;Dinesh Bhugra;Anna Buadze;Roman Schleifer;,10.1016/j.fsiml.2020.100013,26/02/2020,https://www.sciencedirect.com/science/article/pii/S2666353820300060?dgcid=api_sd_search-api-endpoint,12/12/2030,12/12/2030,12/12/2030,0 days 00:00:00.000000000,set(),Forensic Science International: Mind and Law,
 Corona Virus International Public Health<br>Emergencies: Implications for Radiology Management,Han-Wen Zhang;Juan Yu;Hua-Jian Xu;Yi Lei;Ding-Fu Li;,10.1016/j.acra.2020.02.003,26/02/2020,https://www.sciencedirect.com/science/article/pii/S1076633220300891?dgcid=api_sd_search-api-endpoint,10/02/2020,13/02/2020,26/02/2020,4 days 00:00:00.000000000,{'China'},Academic Radiology,Article
 2019-novel Coronavirus severe adult<br>respiratory distress syndrome in two cases in Italy: An<br>uncommon radiological presentation,Fabrizio Albarello;Elisa Pianura;Federica Di Stefano;Massimo Cristofaro;COVID 19 INMI Study Group;,10.1016/j.ijid.2020.02.043,26/02/2020,https://www.sciencedirect.com/science/article/pii/S1201971220301016?dgcid=api_sd_search-api-endpoint,14/02/2020,20/02/2020,26/02/2020,7 days 00:00:00.000000000,{'Italy'},International Journal of Infectious Diseases,Article
 Computers and viral diseases. Preliminary<br>bioinformatics studies on the design of a synthetic vaccine and<br>a preventative peptidomimetic antagonist<br>against the SARS-CoV-2 (2019-nCoV  COVID-19)<br>coronavirus,B. Robson,10.1016/j.compbiomed.2020.103670,26/02/2020,https://www.sciencedirect.com/science/article/pii/S0010482520300627?dgcid=api_sd_search-api-endpoint,02/02/2020,17/02/2020,26/02/2020,16 days 00:00:00.000000000,"{'United States', 'United Kingdom'}",Computers in Biology and Medicine,Article
 World Health Organization declares global<br>emergency: A review of the 2019 novel coronavirus<br>(COVID-19),Catrin Sohrabi;Zaid Alsafi;Niamh O'Neill;Mehdi Khan;Riaz Agha;,10.1016/j.ijsu.2020.02.034,26/02/2020,https://www.sciencedirect.com/science/article/pii/S1743919120301977?dgcid=api_sd_search-api-endpoint,03/02/2020,24/02/2020,26/02/2020,22 days 00:00:00.000000000,{'United Kingdom'},International Journal of Surgery,Review
 Clinical characteristics and imaging<br>manifestations of the 2019 novel coronavirus disease<br>(COVID-19):A multi-center study in Wenzhou city  Zhejiang <br>China,Wenjie Yang;Qiqi Cao;Le Qin;Xiaoyang Wang;Fuhua Yan;,10.1016/j.jinf.2020.02.016,26/02/2020,https://www.sciencedirect.com/science/article/pii/S0163445320300992?dgcid=api_sd_search-api-endpoint,20/02/2020,21/02/2020,26/02/2020,2 days 00:00:00.000000000,{'China'},Journal of Infection,Article
 Psychological crisis interventions in<br>Sichuan Province during the 2019 novel coronavirus<br>outbreak,Xiaobo Zhou,10.1016/j.psychres.2020.112895,26/02/2020,https://www.sciencedirect.com/science/article/pii/S0165178120302821?dgcid=api_sd_search-api-endpoint,10/02/2020,23/02/2020,26/02/2020,14 days 00:00:00.000000000,{'China'},Psychiatry Research,Letter
 Application of the ARIMA model on the<br>COVID-2019 epidemic dataset,Domenico Benvenuto;Marta Giovanetti;Lazzaro Vassallo;Silvia Angeletti;Massimo Ciccozzi;,10.1016/j.dib.2020.105340,26/02/2020,https://www.sciencedirect.com/science/article/pii/S2352340920302341?dgcid=api_sd_search-api-endpoint,14/02/2020,21/02/2020,26/02/2020,8 days 00:00:00.000000000,{'Italy'},Data in Brief,Data Article
 The psychological impact of quarantine and how<br>to reduce it: rapid review of the evidence,Samantha K Brooks;Rebecca K Webster;Louise E Smith;Lisa Woodland;Gideon James Rubin;,10.1016/S0140-6736(20)30460-8,26/02/2020,https://www.sciencedirect.com/science/article/pii/S0140673620304608?dgcid=api_sd_search-api-endpoint,03/02/2020,17/02/2020,26/02/2020,15 days 00:00:00.000000000,set(),The Lancet,Rapid Review
 One world  one health: The novel coronavirus<br>COVID-19 epidemic,Antoni Trilla,10.1016/j.medcle.2020.02.001,26/02/2020,https://www.sciencedirect.com/science/article/pii/S2387020620300747?dgcid=api_sd_search-api-endpoint,10/03/2020,07/05/2020,11/05/2020,59 days 00:00:00.000000000,set(),Medicina Clínica (English Edition),Editorial article
 First case of Coronavirus Disease 2019<br>(COVID-19) pneumonia in Taiwan,Shao-Chung Cheng;Yuan-Chia Chang;Yu-Long Fan Chiang;Yu-Chan Chien;Yuan-Nian Hsu;,10.1016/j.jfma.2020.02.007,26/02/2020,https://www.sciencedirect.com/science/article/pii/S0929664620300449?dgcid=api_sd_search-api-endpoint,16/02/2020,18/02/2020,26/02/2020,3 days 00:00:00.000000000,{'Taiwan'},Journal of the Formosan Medical Association,Article
 The epidemiology and pathogenesis of<br>coronavirus disease (COVID-19) outbreak,Hussin A. Rothan;Siddappa N. Byrareddy;,10.1016/j.jaut.2020.102433,26/02/2020,https://www.sciencedirect.com/science/article/pii/S0896841120300469?dgcid=api_sd_search-api-endpoint,10/02/2020,18/02/2020,26/02/2020,9 days 00:00:00.000000000,{'United States'},Journal of Autoimmunity,Review
 COVID-19 and Blood Safety: Help with a Dilemma,Roger Y. Dodd;Susan L. Stramer;,10.1016/j.tmrv.2020.02.004,26/02/2020,https://www.sciencedirect.com/science/article/pii/S0887796320300158?dgcid=api_sd_search-api-endpoint,18/02/2020,18/02/2020,26/02/2020,1 days 00:00:00.000000000,{'United States'},Transfusion Medicine Reviews,Editorial
 The COVID-19 outbreak and implications for the<br>Tokyo 2020 Summer Olympic Games,Viviana Gallego;Hiroshi Nishiura;Ranjit Sah;Alfonso J. Rodriguez-Morales;,10.1016/j.tmaid.2020.101604,26/02/2020,https://www.sciencedirect.com/science/article/pii/S1477893920300715?dgcid=api_sd_search-api-endpoint,20/02/2020,21/02/2020,26/02/2020,2 days 00:00:00.000000000,{'Argentina'},Travel Medicine and Infectious Disease,Editorial
 Simulating and forecasting the cumulative<br>confirmed cases of SARS-CoV-2 in china by Boltzmann<br>function-based regression analyses,Xinmiao Fu;Qi Ying;Tieyong Zeng;Tao Long;Yan Wang;,10.1016/j.jinf.2020.02.019,26/02/2020,https://www.sciencedirect.com/science/article/pii/S0163445320300980?dgcid=api_sd_search-api-endpoint,18/02/2020,21/02/2020,26/02/2020,4 days 00:00:00.000000000,{'China'},Journal of Infection,Letter
 Emerging zoonoses: A one health challenge,unknown,10.1016/j.eclinm.2020.100300,26/02/2020,https://www.sciencedirect.com/science/article/pii/S2589537020300444?dgcid=api_sd_search-api-endpoint,12/12/2030,12/12/2030,26/02/2020,1 days 00:00:00.000000000,set(),EClinicalMedicine,Editorial
 Coronavirus 2019-nCoV: A brief perspective<br>from the front line,Qingmei Han;Qingqing Lin;Shenhe Jin;Liangshun You;,10.1016/j.jinf.2020.02.010,25/02/2020,https://www.sciencedirect.com/science/article/pii/S0163445320300876?dgcid=api_sd_search-api-endpoint,09/02/2020,11/02/2020,25/02/2020,3 days 00:00:00.000000000,{'China'},Journal of Infection,Review
 Potential association between COVID-19<br>mortality and health-care resource availability,Yunpeng Ji;Zhongren Ma;Maikel P Peppelenbosch;Qiuwei Pan;,10.1016/S2214-109X(20)30068-1,25/02/2020,https://www.sciencedirect.com/science/article/pii/S2214109X20300681?dgcid=api_sd_search-api-endpoint,17/02/2020,19/02/2020,25/02/2020,3 days 00:00:00.000000000,set(),The Lancet Global Health,Correspondence
 Clinical and computed tomographic imaging<br>features of novel coronavirus pneumonia caused by<br>SARS-CoV-2,Yu-Huan Xu;Jing-Hui Dong;Wei-Min An;Xiao-Yan Lv;Bu-Lang Gao;,10.1016/j.jinf.2020.02.017,25/02/2020,https://www.sciencedirect.com/science/article/pii/S0163445320301006?dgcid=api_sd_search-api-endpoint,19/02/2020,21/02/2020,25/02/2020,3 days 00:00:00.000000000,{'China'},Journal of Infection,Article
 Are children less susceptible to COVID-19?,Ping-Ing Lee;Ya-Li Hu;Po-Yen Chen;Yhu-Chering Huang;Po-Ren Hsueh;,10.1016/j.jmii.2020.02.011,25/02/2020,https://www.sciencedirect.com/science/article/pii/S1684118220300396?dgcid=api_sd_search-api-endpoint,08/04/2020,15/04/2020,15/05/2020,8 days 00:00:00.000000000,{'Taiwan'},"Journal of Microbiology, Immunology and Infection",Perspectives
 Wuhan novel coronavirus (COVID-19): why<br>global control is challenging?,A. Lee,10.1016/j.puhe.2020.02.001,25/02/2020,https://www.sciencedirect.com/science/article/pii/S0033350620300317?dgcid=api_sd_search-api-endpoint,12/12/2030,12/12/2030,12/12/2030,1 days 00:00:00.000000000,{'United Kingdom'},Public Health,Editorial
 From SARS to COVID-19: A previously unknown<br>SARS- related coronavirus (SARS-CoV-2) of pandemic<br>potential infecting humans ג€“ Call for a One Health<br>approach,Mohamed E. El Zowalaty;Josef D. Jֳ₪rhult;,10.1016/j.onehlt.2020.100124,24/02/2020,https://www.sciencedirect.com/science/article/pii/S2352771420300136?dgcid=api_sd_search-api-endpoint,04/02/2020,22/02/2020,24/02/2020,19 days 00:00:00.000000000,"{'United Arab Emirates', 'Sweden'}",One Health,Article
 Staff safety during emergency airway<br>management for COVID-19 in Hong Kong,Jonathan Chun-Hei Cheung;Lap Tin Ho;Justin Vincent Cheng;Esther Yin Kwan Cham;Koon Ngai Lam;,10.1016/S2213-2600(20)30084-9,24/02/2020,https://www.sciencedirect.com/science/article/pii/S2213260020300849?dgcid=api_sd_search-api-endpoint,15/02/2020,18/02/2020,24/02/2020,4 days 00:00:00.000000000,set(),The Lancet Respiratory Medicine,Correspondence
 COVID-19 pneumonia: what has CT taught us?,Elaine Y P Lee;Ming-Yen Ng;Pek-Lan Khong;,10.1016/S1473-3099(20)30134-1,24/02/2020,https://www.sciencedirect.com/science/article/pii/S1473309920301341?dgcid=api_sd_search-api-endpoint,17/02/2020,17/02/2020,24/02/2020,1 days 00:00:00.000000000,set(),The Lancet Infectious Diseases,Comment
 Radiological findings from 81 patients with<br>COVID-19 pneumonia in Wuhan  China: a descriptive study,Heshui Shi;Xiaoyu Han;Nanchuan Jiang;Yukun Cao;Chuansheng Zheng;,10.1016/S1473-3099(20)30086-4,24/02/2020,https://www.sciencedirect.com/science/article/pii/S1473309920300864?dgcid=api_sd_search-api-endpoint,30/01/2020,11/02/2020,24/02/2020,13 days 00:00:00.000000000,set(),The Lancet Infectious Diseases,Articles
 Unveiling the Origin and Transmission of<br>2019-nCoV,Yifei Xu,10.1016/j.tim.2020.02.001,24/02/2020,https://www.sciencedirect.com/science/article/pii/S0966842X20300251?dgcid=api_sd_search-api-endpoint,03/02/2020,10/02/2020,24/02/2020,8 days 00:00:00.000000000,{'United Kingdom'},Trends in Microbiology,Short Survey
 COVID-19 control in China during mass<br>population movements at New Year,Simiao Chen;Juntao Yang;Weizhong Yang;Chen Wang;Till Bֳ₪rnighausen;,10.1016/S0140-6736(20)30421-9,24/02/2020,https://www.sciencedirect.com/science/article/pii/S0140673620304219?dgcid=api_sd_search-api-endpoint,19/02/2020,20/02/2020,24/02/2020,2 days 00:00:00.000000000,set(),The Lancet,Comment
 Scientists are sprinting to outpace the novel<br>coronavirus,Tedros Adhanom Ghebreyesus;Soumya Swaminathan;,10.1016/S0140-6736(20)30420-7,24/02/2020,https://www.sciencedirect.com/science/article/pii/S0140673620304207?dgcid=api_sd_search-api-endpoint,19/02/2020,20/02/2020,24/02/2020,2 days 00:00:00.000000000,set(),The Lancet,Comment
 Coronavirus Disease 2019 (COVID-19) and<br>Pregnancy: What obstetricians need to know,Sonja A. Rasmussen;John C. Smulian;John A. Lednicky;Tony S. Wen;Denise J. Jamieson;,10.1016/j.ajog.2020.02.017,24/02/2020,https://www.sciencedirect.com/science/article/pii/S0002937820301976?dgcid=api_sd_search-api-endpoint,12/02/2020,18/02/2020,24/02/2020,7 days 00:00:00.000000000,{'United States'},American Journal of Obstetrics and Gynecology,Review
 Clinical course and outcomes of critically ill<br>patients with SARS-CoV-2 pneumonia in Wuhan  China: a<br>single-centered  retrospective  observational study,Xiaobo Yang;Yuan Yu;Jiqian Xu;Huaqing Shu;You Shang;,10.1016/S2213-2600(20)30079-5,24/02/2020,https://www.sciencedirect.com/science/article/pii/S2213260020300795?dgcid=api_sd_search-api-endpoint,10/02/2020,14/02/2020,24/02/2020,5 days 00:00:00.000000000,set(),The Lancet Respiratory Medicine,Articles
 Asymptomatic novel coronavirus pneumonia<br>patient outside Wuhan: The value of CT images in the<br>course of the disease,Chen Lin;Yuxiao Ding;Bin Xie;Zhujian Sun;Meng Niu;,10.1016/j.clinimag.2020.02.008,22/02/2020,https://www.sciencedirect.com/science/article/pii/S0899707120300565?dgcid=api_sd_search-api-endpoint,13/02/2020,20/02/2020,22/02/2020,8 days 00:00:00.000000000,{'China'},Clinical Imaging,Article
 Estimation of the reproductive number of novel<br>coronavirus (COVID-19) and the probable outbreak size on<br>the Diamond Princess cruise ship: A data-driven<br>analysis,Sheng Zhang;MengYuan Diao;Wenbo Yu;Lei Pei;Dechang Chen;,10.1016/j.ijid.2020.02.033,22/02/2020,https://www.sciencedirect.com/science/article/pii/S1201971220300916?dgcid=api_sd_search-api-endpoint,15/02/2020,18/02/2020,22/02/2020,4 days 00:00:00.000000000,{'China'},International Journal of Infectious Diseases,Article
 Is COVID-19 receiving ADE from other<br>coronaviruses?,Jason A. Tetro,10.1016/j.micinf.2020.02.006,22/02/2020,https://www.sciencedirect.com/science/article/pii/S1286457920300344?dgcid=api_sd_search-api-endpoint,12/02/2020,13/02/2020,22/02/2020,2 days 00:00:00.000000000,{'Canada'},Microbes and Infection,Article
 The continuous evolution and dissemination of<br>2019 novel human coronavirus,Jiahao Zhang;Kaixiong Ma;Huanan Li;Ming Liao;Wenbao Qi;,10.1016/j.jinf.2020.02.001,22/02/2020,https://www.sciencedirect.com/science/article/pii/S0163445320300839?dgcid=api_sd_search-api-endpoint,06/02/2020,07/02/2020,22/02/2020,2 days 00:00:00.000000000,{'China'},Journal of Infection,Letter
 Clinical features of atypical 2019 novel<br>coronavirus pneumonia with an initially negative RT-PCR<br>assay,Wendong Hao;Manxiang Li;,10.1016/j.jinf.2020.02.008,22/02/2020,https://www.sciencedirect.com/science/article/pii/S0163445320300943?dgcid=api_sd_search-api-endpoint,15/02/2020,17/02/2020,22/02/2020,3 days 00:00:00.000000000,{'China'},Journal of Infection,Letter
 Novel coronavirus (2019-nCoV) cases in Hong<br>Kong and implications for further spread,Kin On Kwok;Valerie Wong;Vivian Wan In Wei;Samuel Yeung Shan Wong;Julian Wei-Tze Tang;,10.1016/j.jinf.2020.02.002,22/02/2020,https://www.sciencedirect.com/science/article/pii/S0163445320300840?dgcid=api_sd_search-api-endpoint,03/02/2020,07/02/2020,22/02/2020,5 days 00:00:00.000000000,{'Hong Kong'},Journal of Infection,Letter
 Genetic diversity and evolution of SARS-CoV-2,Tung Phan,10.1016/j.meegid.2020.104260,21/02/2020,https://www.sciencedirect.com/science/article/pii/S1567134820300915?dgcid=api_sd_search-api-endpoint,17/02/2020,20/02/2020,21/02/2020,4 days 00:00:00.000000000,{'United States'},"Infection, Genetics and Evolution",Article
 New regulatory strategies to manage medicines<br>shortages in Europe,Umberto M. Musazzi;Domenico Di Giorgio;Paola Minghetti;,10.1016/j.ijpharm.2020.119171,21/02/2020,https://www.sciencedirect.com/science/article/pii/S0378517320301551?dgcid=api_sd_search-api-endpoint,12/12/2019,20/02/2020,21/02/2020,71 days 00:00:00.000000000,{'Italy'},International Journal of Pharmaceutics,Article
 Analysis of angiotensin-converting enzyme 2<br>(ACE2) from different species sheds some light on<br>cross-species receptor usage of a novel coronavirus<br>2019-nCoV,Rui Li;Songlin Qiao;Gaiping Zhang;,10.1016/j.jinf.2020.02.013,21/02/2020,https://www.sciencedirect.com/science/article/pii/S0163445320300906?dgcid=api_sd_search-api-endpoint,07/02/2020,12/02/2020,21/02/2020,6 days 00:00:00.000000000,{'China'},Journal of Infection,Letter
 Un mundo  una salud: la epidemia por el nuevo<br>coronavirus COVID-19,Antoni Trilla,10.1016/j.medcli.2020.02.002,21/02/2020,https://www.sciencedirect.com/science/article/pii/S002577532030141X?dgcid=api_sd_search-api-endpoint,05/02/2020,07/02/2020,21/02/2020,3 days 00:00:00.000000000,{'Spain'},Medicina Clinica,Article
 China uses mass surveillance tech to fight<br>spread of coronavirus,Donna Lu,10.1016/S0262-4079(20)30378-X,21/02/2020,https://www.sciencedirect.com/science/article/pii/S026240792030378X?dgcid=api_sd_search-api-endpoint,12/12/2030,12/12/2030,21/02/2020,1 days 00:00:00.000000000,set(),New Scientist,"News & Technology
               
                  Tracking"
 Is it super-spreading?,Debora MacKenzie,10.1016/S0262-4079(20)30375-4,21/02/2020,https://www.sciencedirect.com/science/article/pii/S0262407920303754?dgcid=api_sd_search-api-endpoint,29/04/2020,21/05/2020,24/05/2020,23 days 00:00:00.000000000,set(),New Scientist,"News & Technology
               
                  Coronavirus update"
 Drug trials under way,Alice Klein,10.1016/S0262-4079(20)30376-6,21/02/2020,https://www.sciencedirect.com/science/article/pii/S0262407920303766?dgcid=api_sd_search-api-endpoint,12/12/2030,12/12/2030,29/05/2020,1 days 00:00:00.000000000,set(),New Scientist,"News & Technology
               
                  Coronavirus update Treatment"
 Will heat kill the coronavirus?,Michael Le Page,10.1016/S0262-4079(20)30377-8,21/02/2020,https://www.sciencedirect.com/science/article/pii/S0262407920303778?dgcid=api_sd_search-api-endpoint,12/12/2030,12/12/2030,21/02/2020,1 days 00:00:00.000000000,set(),New Scientist,"News & Technology
               
                  Analysis Temperature"
 Coronavirus Disease 2019: Coronaviruses and<br>Blood Safety,Le Chang;Ying Yan;Lunan Wang;,10.1016/j.tmrv.2020.02.003,21/02/2020,https://www.sciencedirect.com/science/article/pii/S0887796320300146?dgcid=api_sd_search-api-endpoint,12/12/2030,12/12/2030,28/05/2020,1 days 00:00:00.000000000,{'China'},Transfusion Medicine Reviews,Review
 Chinese medical personnel against the<br>2019-nCoV,Zhan-hui Feng;Yong-ran Cheng;Juan Chen;Lan Ye;Ming-Wei Wang;,10.1016/j.jinf.2020.02.011,21/02/2020,https://www.sciencedirect.com/science/article/pii/S0163445320300827?dgcid=api_sd_search-api-endpoint,06/02/2020,07/02/2020,21/02/2020,2 days 00:00:00.000000000,{'China'},Journal of Infection,Letter
 The non-contact handheld cutaneous infra-red<br>thermometer for fever screening during the COVID-19 global<br>emergency,J. Aw,10.1016/j.jhin.2020.02.010,21/02/2020,https://www.sciencedirect.com/science/article/pii/S019567012030058X?dgcid=api_sd_search-api-endpoint,11/02/2020,17/02/2020,21/02/2020,7 days 00:00:00.000000000,{'Singapore'},Journal of Hospital Infection,Letter
 First respiratory transmitted food borne<br>outbreak?,Katri Jalava,10.1016/j.ijheh.2020.113490,20/02/2020,https://www.sciencedirect.com/science/article/pii/S1438463920300997?dgcid=api_sd_search-api-endpoint,31/01/2020,10/02/2020,20/02/2020,11 days 00:00:00.000000000,{'Finland'},International Journal of Hygiene and Environmental Health,Note
 COVID-19 and artificial intelligence:<br>protecting health-care workers and curbing the spread,Becky McCall,10.1016/S2589-7500(20)30054-6,20/02/2020,https://www.sciencedirect.com/science/article/pii/S2589750020300546?dgcid=api_sd_search-api-endpoint,12/12/2030,12/12/2030,20/02/2020,1 days 00:00:00.000000000,set(),The Lancet Digital Health,News
 Early epidemiological analysis of the<br>coronavirus disease 2019 outbreak based on crowdsourced<br>data: a population-level observational study,Kaiyuan Sun;Jenny Chen;Cֳ©cile Viboud;,10.1016/S2589-7500(20)30026-1,20/02/2020,https://www.sciencedirect.com/science/article/pii/S2589750020300261?dgcid=api_sd_search-api-endpoint,12/12/2030,12/12/2030,20/02/2020,1 days 00:00:00.000000000,set(),The Lancet Digital Health,Articles
 Crowdsourcing data to mitigate epidemics,Gabriel M Leung;Kathy Leung;,10.1016/S2589-7500(20)30055-8,20/02/2020,https://www.sciencedirect.com/science/article/pii/S2589750020300558?dgcid=api_sd_search-api-endpoint,12/12/2030,12/12/2030,20/02/2020,1 days 00:00:00.000000000,set(),The Lancet Digital Health,Comment
 Enteric involvement of coronaviruses: is<br>faecalג€“oral transmission of SARS-CoV-2 possible?,Charleen Yeo;Sanghvi Kaushal;Danson Yeo;,10.1016/S2468-1253(20)30048-0,20/02/2020,https://www.sciencedirect.com/science/article/pii/S2468125320300480?dgcid=api_sd_search-api-endpoint,12/02/2020,14/02/2020,20/02/2020,3 days 00:00:00.000000000,set(),The Lancet Gastroenterology & Hepatology,Comment
 Preparedness and vulnerability of African<br>countries against importations of COVID-19: a modelling<br>study,Marius Gilbert;Giulia Pullano;Francesco Pinotti;Eugenio Valdano;Vittoria Colizza;,10.1016/S0140-6736(20)30411-6,20/02/2020,https://www.sciencedirect.com/science/article/pii/S0140673620304116?dgcid=api_sd_search-api-endpoint,04/02/2020,15/02/2020,20/02/2020,12 days 00:00:00.000000000,set(),The Lancet,Articles
 The epidemic of 2019-novel-coronavirus<br>(2019-nCoV) pneumonia and insights for emerging<br>infectious diseases in the future,Jin-Yan Li;Zhi You;Qiong Wang;Zhi-Jian Zhou;Xing-Yi Ge;,10.1016/j.micinf.2020.02.002,20/02/2020,https://www.sciencedirect.com/science/article/pii/S1286457920300307?dgcid=api_sd_search-api-endpoint,07/02/2020,11/02/2020,20/02/2020,5 days 00:00:00.000000000,{'China'},Microbes and Infection,Article
 Lessons learned from the 2019-nCoV epidemic on<br>prevention of future infectious diseases,Xingchen Pan;David M. Ojcius;Tianyue Gao;Zhongsheng Li;Chungen Pan;,10.1016/j.micinf.2020.02.004,20/02/2020,https://www.sciencedirect.com/science/article/pii/S1286457920300320?dgcid=api_sd_search-api-endpoint,11/02/2020,12/02/2020,20/02/2020,2 days 00:00:00.000000000,{'China'},Microbes and Infection,Article
 <ce:italic>In silico</ce:italic> screening<br>of Chinese herbal medicines with the potential to<br>directly inhibit 2019 novel coronavirus,Deng-hai Zhang;Kun-lun Wu;Xue Zhang;Sheng-qiong Deng;Bin Peng;,10.1016/j.joim.2020.02.005,20/02/2020,https://www.sciencedirect.com/science/article/pii/S2095496420300157?dgcid=api_sd_search-api-endpoint,07/02/2020,13/02/2020,20/02/2020,7 days 00:00:00.000000000,{'China'},Journal of Integrative Medicine,Article
 Another coronavirus  another epidemic <br>another warning,Gregory A. Poland,10.1016/j.vaccine.2020.02.039,20/02/2020,https://www.sciencedirect.com/science/article/pii/S0264410X20302486?dgcid=api_sd_search-api-endpoint,14/02/2020,14/02/2020,14/02/2020,1 days 00:00:00.000000000,{'United States'},Vaccine,Editorial
 Offline: Facts are not enough,Richard Horton,10.1016/S0140-6736(20)30405-0,20/02/2020,https://www.sciencedirect.com/science/article/pii/S0140673620304050?dgcid=api_sd_search-api-endpoint,12/02/2020,17/02/2020,17/02/2020,6 days 00:00:00.000000000,set(),The Lancet,Comment
 COVID-19: fighting panic with information, The Lancet,10.1016/S0140-6736(20)30379-2,20/02/2020,https://www.sciencedirect.com/science/article/pii/S0140673620303792?dgcid=api_sd_search-api-endpoint,12/12/2030,12/12/2030,12/12/2030,1 days 00:00:00.000000000,set(),The Lancet,Editorial
" Comments on ""Preliminary estimation of the<br>basic reproduction number of novel Coronavirus<br>(2019-nCoV) in China  from 2019 to 2020: A data-driven<br>Analysis in the early phase of the outbreak""",Hom Nath Dhungana,10.1016/j.ijid.2020.02.024,20/02/2020,https://www.sciencedirect.com/science/article/pii/S1201971220300825?dgcid=api_sd_search-api-endpoint,06/02/2020,14/02/2020,20/02/2020,9 days 00:00:00.000000000,{'Australia'},International Journal of Infectious Diseases,Letter
 Pandemic: examining readiness for infectious<br>disease outbreaks,Talha Khan Burki,10.1016/S2213-2600(20)30082-5,20/02/2020,https://www.sciencedirect.com/science/article/pii/S2213260020300825?dgcid=api_sd_search-api-endpoint,12/12/2030,12/12/2030,20/02/2020,1 days 00:00:00.000000000,set(),The Lancet Respiratory Medicine,Spotlight
 The basic reproduction number of novel<br>coronavirus (2019-nCoV) estimation based on exponential<br>growth in the early outbreak in China from 2019 to 2020:<br>A reply to Dhungana,Shi Zhao;Qianyin Lin;Jinjun Ran;Salihu S Musa;Maggie H Wang;,10.1016/j.ijid.2020.02.025,20/02/2020,https://www.sciencedirect.com/science/article/pii/S1201971220300837?dgcid=api_sd_search-api-endpoint,12/02/2020,14/02/2020,20/02/2020,3 days 00:00:00.000000000,{'Hong Kong'},International Journal of Infectious Diseases,Letter
 COVID-19: A critical care perspective<br>informed by lessons learnt from other viral epidemics,Lowell Ling;Gavin M. Joynt;Jeff Lipman;Jean-Michel Constantin;Olivier Joannes-Boyau;,10.1016/j.accpm.2020.02.002,20/02/2020,https://www.sciencedirect.com/science/article/pii/S2352556820300291?dgcid=api_sd_search-api-endpoint,12/12/2030,12/12/2030,20/02/2020,1 days 00:00:00.000000000,{'Hong Kong'},Anaesthesia Critical Care and Pain Medicine,Editorial
 First atypical case of 2019 novel coronavirus<br>in Yan'an  China,W. Hao;M. Li;X. Huang;,10.1016/j.cmi.2020.02.011,20/02/2020,https://www.sciencedirect.com/science/article/pii/S1198743X20300914?dgcid=api_sd_search-api-endpoint,11/02/2020,12/02/2020,19/02/2020,2 days 00:00:00.000000000,{'China'},Clinical Microbiology and Infection,Letter
 The neglected health of international migrant<br>workers in the COVID-19 epidemic,Andrian Liem;Cheng Wang;Yosa Wariyanti;Carl A Latkin;Brian J Hall;,10.1016/S2215-0366(20)30076-6,19/02/2020,https://www.sciencedirect.com/science/article/pii/S2215036620300766?dgcid=api_sd_search-api-endpoint,08/02/2020,10/02/2020,19/02/2020,3 days 00:00:00.000000000,set(),The Lancet Psychiatry,Correspondence
 Mental health services for older adults in<br>China during the COVID-19 outbreak,Yuan Yang;Wen Li;Qinge Zhang;Ling Zhang;Yu-Tao Xiang;,10.1016/S2215-0366(20)30079-1,19/02/2020,https://www.sciencedirect.com/science/article/pii/S2215036620300791?dgcid=api_sd_search-api-endpoint,11/02/2020,12/02/2020,19/02/2020,2 days 00:00:00.000000000,set(),The Lancet Psychiatry,Correspondence
 The first Vietnamese case of COVID-19 acquired<br>from China,Le Van Cuong;Hoang Thi Nam Giang;Le Khac Linh;Jaffer Shah;Nguyen Tien Huy;,10.1016/S1473-3099(20)30111-0,19/02/2020,https://www.sciencedirect.com/science/article/pii/S1473309920301110?dgcid=api_sd_search-api-endpoint,07/02/2020,12/02/2020,19/02/2020,6 days 00:00:00.000000000,set(),The Lancet Infectious Diseases,Correspondence
 Initiation of a new infection control system<br>for the COVID-19 outbreak,Xuejiao Chen;Junzhang Tian;Guanming Li;Guowei Li;,10.1016/S1473-3099(20)30110-9,19/02/2020,https://www.sciencedirect.com/science/article/pii/S1473309920301109?dgcid=api_sd_search-api-endpoint,10/02/2020,12/02/2020,19/02/2020,3 days 00:00:00.000000000,set(),The Lancet Infectious Diseases,Comment
 Coronavirus (COVID-19) Outbreak: What the<br>Department of Radiology Should Know,Soheil Kooraki;Melina Hosseiny;Lee Myers;Ali Gholamrezanezhad;,10.1016/j.jacr.2020.02.008,19/02/2020,https://www.sciencedirect.com/science/article/pii/S1546144020301502?dgcid=api_sd_search-api-endpoint,07/02/2020,10/02/2020,19/02/2020,4 days 00:00:00.000000000,{'United States'},Journal of the American College of Radiology,Article
 Mental health care for medical staff in China<br>during the COVID-19 outbreak,Qiongni Chen;Mining Liang;Yamin Li;Jincai Guo;Zhanzhou Zhang;,10.1016/S2215-0366(20)30078-X,19/02/2020,https://www.sciencedirect.com/science/article/pii/S221503662030078X?dgcid=api_sd_search-api-endpoint,10/02/2020,10/02/2020,19/02/2020,1 days 00:00:00.000000000,set(),The Lancet Psychiatry,Correspondence
 Online mental health services in China during<br>the COVID-19 outbreak,Shuai Liu;Lulu Yang;Chenxi Zhang;Yu-Tao Xiang;Bin Zhang;,10.1016/S2215-0366(20)30077-8,19/02/2020,https://www.sciencedirect.com/science/article/pii/S2215036620300778?dgcid=api_sd_search-api-endpoint,10/02/2020,10/02/2020,19/02/2020,1 days 00:00:00.000000000,set(),The Lancet Psychiatry,Correspondence
 Psychological interventions for people<br>affected by the COVID-19 epidemic,Li Duan;Gang Zhu;,10.1016/S2215-0366(20)30073-0,19/02/2020,https://www.sciencedirect.com/science/article/pii/S2215036620300730?dgcid=api_sd_search-api-endpoint,09/02/2020,11/02/2020,19/02/2020,3 days 00:00:00.000000000,set(),The Lancet Psychiatry,Comment
 A distinct name is needed for the new<br>coronavirus,Shibo Jiang;Zhengli Shi;Yuelong Shu;Jingdong Song;Deyin Guo;,10.1016/S0140-6736(20)30419-0,19/02/2020,https://www.sciencedirect.com/science/article/pii/S0140673620304190?dgcid=api_sd_search-api-endpoint,18/02/2020,18/02/2020,19/02/2020,1 days 00:00:00.000000000,set(),The Lancet,Correspondence
 Statement in support of the scientists  public<br>health professionals  and medical professionals of<br>China combatting COVID-19,Charles Calisher;Dennis Carroll;Rita Colwell;Ronald B Corley;Mike Turner;,10.1016/S0140-6736(20)30418-9,19/02/2020,https://www.sciencedirect.com/science/article/pii/S0140673620304189?dgcid=api_sd_search-api-endpoint,17/02/2020,18/02/2020,19/02/2020,2 days 00:00:00.000000000,set(),The Lancet,Correspondence
 Traditional Chinese medicine is a resource for<br>drug discovery against 2019 novel coronavirus<br>(SARS-CoV-2),Chang-quan Ling,10.1016/j.joim.2020.02.004,19/02/2020,https://www.sciencedirect.com/science/article/pii/S2095496420300145?dgcid=api_sd_search-api-endpoint,11/02/2020,13/02/2020,19/02/2020,3 days 00:00:00.000000000,{'China'},Journal of Integrative Medicine,Editorial
 Tracking online heroisation and blame in<br>epidemics,Laֳ«titia Atlani-Duault;Jeremy K Ward;Melissa Roy;Cֳ©line Morin;Andrew Wilson;,10.1016/S2468-2667(20)30033-5,19/02/2020,https://www.sciencedirect.com/science/article/pii/S2468266720300335?dgcid=api_sd_search-api-endpoint,07/02/2020,13/02/2020,19/02/2020,7 days 00:00:00.000000000,set(),The Lancet Public Health,Comment
 Li Wenliang,Andrew Green,10.1016/S0140-6736(20)30382-2,19/02/2020,https://www.sciencedirect.com/science/article/pii/S0140673620303822?dgcid=api_sd_search-api-endpoint,12/12/2030,12/12/2030,01/06/2020,1 days 00:00:00.000000000,set(),The Lancet,Obituary
 An interactive web-based dashboard to track<br>COVID-19 in real time,Ensheng Dong;Hongru Du;Lauren Gardner;,10.1016/S1473-3099(20)30120-1,19/02/2020,https://www.sciencedirect.com/science/article/pii/S1473309920301201?dgcid=api_sd_search-api-endpoint,11/02/2020,13/02/2020,19/02/2020,3 days 00:00:00.000000000,set(),The Lancet Infectious Diseases,Correspondence
 Open access epidemiological data from the<br>COVID-19 outbreak,Bo Xu;Moritz U G Kraemer;Open COVID-19 Data Curation Group;,10.1016/S1473-3099(20)30119-5,19/02/2020,https://www.sciencedirect.com/science/article/pii/S1473309920301195?dgcid=api_sd_search-api-endpoint,13/02/2020,14/02/2020,19/02/2020,2 days 00:00:00.000000000,set(),The Lancet Infectious Diseases,Correspondence
 A Novel Coronavirus (COVID-19) Outbreak: A<br>Call for Action,Yi Zhang;Jiuyang Xu;Hui Li;Bin Cao;,10.1016/j.chest.2020.02.014,19/02/2020,https://www.sciencedirect.com/science/article/pii/S0012369220303238?dgcid=api_sd_search-api-endpoint,06/02/2020,06/02/2020,19/02/2020,1 days 00:00:00.000000000,{'China'},Chest,Editorial
 2019 novel coronavirus disease (COVID-19) in<br>Taiwan: Reports of two cases from Wuhan  China,Wei-Hsuan Huang;Ling-Chiao Teng;Ting-Kuang Yeh;Yu-Jen Chen;Po-Yu Liu;,10.1016/j.jmii.2020.02.009,19/02/2020,https://www.sciencedirect.com/science/article/pii/S1684118220300372?dgcid=api_sd_search-api-endpoint,17/02/2020,17/02/2020,19/02/2020,1 days 00:00:00.000000000,{'Taiwan'},"Journal of Microbiology, Immunology and Infection",Short Communication
 Pathological findings of COVID-19 associated<br>with acute respiratory distress syndrome,Zhe Xu;Lei Shi;Yijin Wang;Jiyuan Zhang;Fu-Sheng Wang;,10.1016/S2213-2600(20)30076-X,18/02/2020,https://www.sciencedirect.com/science/article/pii/S221326002030076X?dgcid=api_sd_search-api-endpoint,12/02/2020,13/02/2020,18/02/2020,2 days 00:00:00.000000000,set(),The Lancet Respiratory Medicine,Case Report
 Discovery and development of safe-in-man<br>broad-spectrum antiviral agents,Petter I. Andersen;Aleksandr Ianevski;Hilde Lysvand;Astra Vitkauskiene;Denis E. Kainov;,10.1016/j.ijid.2020.02.018,17/02/2020,https://www.sciencedirect.com/science/article/pii/S120197122030076X?dgcid=api_sd_search-api-endpoint,24/01/2020,11/02/2020,17/02/2020,19 days 00:00:00.000000000,{'Norway'},International Journal of Infectious Diseases,Review
 What are we doing in the dermatology outpatient<br>department amidst the raging of the 2019 novel<br>coronavirus?,Yusha Chen;Sushmita Pradhan;Siliang Xue;,10.1016/j.jaad.2020.02.030,17/02/2020,https://www.sciencedirect.com/science/article/pii/S0190962220302681?dgcid=api_sd_search-api-endpoint,11/02/2020,13/02/2020,17/02/2020,3 days 00:00:00.000000000,{'China'},Journal of the American Academy of Dermatology,Editorial
 A novel coronavirus emerges,J. Ena;R. P. Wenzel;,10.1016/j.rceng.2020.01.001,17/02/2020,https://www.sciencedirect.com/science/article/pii/S2254887420300151?dgcid=api_sd_search-api-endpoint,12/12/2030,12/12/2030,28/05/2020,1 days 00:00:00.000000000,set(),Revista Clínica Española (English Edition),Editorial
 Challenges of coronavirus disease 2019, The Lancet Infectious Diseases,10.1016/S1473-3099(20)30072-4,17/02/2020,https://www.sciencedirect.com/science/article/pii/S1473309920300724?dgcid=api_sd_search-api-endpoint,12/12/2030,12/12/2030,17/02/2020,1 days 00:00:00.000000000,set(),The Lancet Infectious Diseases,Editorial
 Outbreak of coronavirus disease 2019,Talha Burki,10.1016/S1473-3099(20)30076-1,17/02/2020,https://www.sciencedirect.com/science/article/pii/S1473309920300761?dgcid=api_sd_search-api-endpoint,12/12/2030,12/12/2030,17/02/2020,1 days 00:00:00.000000000,set(),The Lancet Infectious Diseases,Newsdesk
 Severe acute respiratory syndrome<br>coronavirus 2 (SARS-CoV-2) and coronavirus disease-2019<br>(COVID-19): The epidemic and the challenges,Chih-Cheng Lai;Tzu-Ping Shih;Wen-Chien Ko;Hung-Jen Tang;Po-Ren Hsueh;,10.1016/j.ijantimicag.2020.105924,17/02/2020,https://www.sciencedirect.com/science/article/pii/S0924857920300674?dgcid=api_sd_search-api-endpoint,11/02/2020,12/02/2020,17/02/2020,2 days 00:00:00.000000000,{'Taiwan'},International Journal of Antimicrobial Agents,Review
 Timely research papers about COVID-19 in China,Yu-Tao Xiang;Wen Li;Qinge Zhang;Yu Jin;Brian J Hall;,10.1016/S0140-6736(20)30375-5,17/02/2020,https://www.sciencedirect.com/science/article/pii/S0140673620303755?dgcid=api_sd_search-api-endpoint,11/02/2020,12/02/2020,17/02/2020,2 days 00:00:00.000000000,set(),The Lancet,Correspondence
 The coronavirus (COVID-19) epidemic and<br>patient safety,Dirk M. Elston,10.1016/j.jaad.2020.02.031,16/02/2020,https://www.sciencedirect.com/science/article/pii/S0190962220302693?dgcid=api_sd_search-api-endpoint,13/02/2020,13/02/2020,16/02/2020,1 days 00:00:00.000000000,{'United States'},Journal of the American Academy of Dermatology,Editorial
 The novel Coronavirus (SARS-CoV-2) is a one<br>health issue,Aileen Maria Marty;Malcolm K. Jones;,10.1016/j.onehlt.2020.100123,14/02/2020,https://www.sciencedirect.com/science/article/pii/S235277142030015X?dgcid=api_sd_search-api-endpoint,17/04/2020,22/04/2020,23/04/2020,6 days 00:00:00.000000000,{'United States'},One Health,Editorial Commentary
 Full spectrum of COVID-19 severity still being<br>depicted,Zhou Xu;Shu Li;Shen Tian;Hao Li;Ling-quan Kong;,10.1016/S0140-6736(20)30308-1,14/02/2020,https://www.sciencedirect.com/science/article/pii/S0140673620303081?dgcid=api_sd_search-api-endpoint,30/01/2020,04/02/2020,14/02/2020,6 days 00:00:00.000000000,set(),The Lancet,Correspondence
 Full spectrum of COVID-19 severity still being<br>depicted ג€“ Authors' reply,Xiaoying Gu;Bin Cao;Jianwei Wang;,10.1016/S0140-6736(20)30371-8,14/02/2020,https://www.sciencedirect.com/science/article/pii/S0140673620303718?dgcid=api_sd_search-api-endpoint,07/02/2020,07/02/2020,14/02/2020,1 days 00:00:00.000000000,set(),The Lancet,Correspondence
 Cancer patients in SARS-CoV-2 infection: a<br>nationwide analysis in China,Wenhua Liang;Weijie Guan;Ruchong Chen;Wei Wang;Jianxing He;,10.1016/S1470-2045(20)30096-6,14/02/2020,https://www.sciencedirect.com/science/article/pii/S1470204520300966?dgcid=api_sd_search-api-endpoint,07/02/2020,10/02/2020,14/02/2020,4 days 00:00:00.000000000,set(),The Lancet Oncology,Comment
 Wuhan-like virus discovered seven years ago,Debora MacKenzie,10.1016/S0262-4079(20)30281-5,14/02/2020,https://www.sciencedirect.com/science/article/pii/S0262407920302815?dgcid=api_sd_search-api-endpoint,12/12/2030,12/12/2030,14/02/2020,1 days 00:00:00.000000000,set(),New Scientist,"News & Technology
               
                  Virology"
 How bad will it get?,Debora MacKenzie,10.1016/S0262-4079(20)30278-5,14/02/2020,https://www.sciencedirect.com/science/article/pii/S0262407920302785?dgcid=api_sd_search-api-endpoint,12/12/2030,12/12/2030,12/12/2030,1 days 00:00:00.000000000,set(),New Scientist,"News & Technology
               
                  Coronavirus update"
 Novel coronavirus pneumonia emergency in<br>Zhuhai: impact and challenges,H. Jin;J. Liu;M. Cui;L. Lu;,10.1016/j.jhin.2020.02.005,14/02/2020,https://www.sciencedirect.com/science/article/pii/S0195670120300517?dgcid=api_sd_search-api-endpoint,06/02/2020,09/02/2020,14/02/2020,4 days 00:00:00.000000000,{'China'},Journal of Hospital Infection,Letter
 Real-time forecasts of the COVID-19 epidemic<br>in China from February 5th to February 24th  2020,K. Roosa;Y. Lee;R. Luo;A. Kirpich;G. Chowell;,10.1016/j.idm.2020.02.002,14/02/2020,https://www.sciencedirect.com/science/article/pii/S2468042720300051?dgcid=api_sd_search-api-endpoint,10/02/2020,12/02/2020,14/02/2020,3 days 00:00:00.000000000,{'United States'},Infectious Disease Modelling,Article
 A disconnected policy network: The UK's<br>response to the Sierra Leone Ebola epidemic,James Georgalakis,10.1016/j.socscimed.2020.112851,13/02/2020,https://www.sciencedirect.com/science/article/pii/S0277953620300708?dgcid=api_sd_search-api-endpoint,13/08/2019,10/02/2020,13/02/2020,182 days 00:00:00.000000000,{'United Kingdom'},Social Science and Medicine,Article
 Un nuevo coronavirus emerge,J. Ena;R. P. Wenzel;,10.1016/j.rce.2020.01.001,13/02/2020,https://www.sciencedirect.com/science/article/pii/S0014256520300217?dgcid=api_sd_search-api-endpoint,12/12/2030,12/12/2030,12/12/2030,0 days 00:00:00.000000000,{'Spain'},Revista Clínica Española,Editorial
 Therapeutic and triage strategies for 2019<br>novel coronavirus disease in fever clinics,Jinnong Zhang;Luqian Zhou;Yuqiong Yang;Wei Peng;Xuelin Chen;,10.1016/S2213-2600(20)30071-0,13/02/2020,https://www.sciencedirect.com/science/article/pii/S2213260020300710?dgcid=api_sd_search-api-endpoint,30/01/2020,10/02/2020,13/02/2020,12 days 00:00:00.000000000,set(),The Lancet Respiratory Medicine,Correspondence
 Protecting health-care workers from<br>subclinical coronavirus infection,De Chang;Huiwen Xu;Andre Rebaza;Lokesh Sharma;Charles S Dela Cruz;,10.1016/S2213-2600(20)30066-7,13/02/2020,https://www.sciencedirect.com/science/article/pii/S2213260020300667?dgcid=api_sd_search-api-endpoint,28/01/2020,06/02/2020,13/02/2020,10 days 00:00:00.000000000,set(),The Lancet Respiratory Medicine,Correspondence
 Authoritarianism  outbreaks  and<br>information politics,Matthew M Kavanagh,10.1016/S2468-2667(20)30030-X,13/02/2020,https://www.sciencedirect.com/science/article/pii/S246826672030030X?dgcid=api_sd_search-api-endpoint,06/02/2020,07/02/2020,13/02/2020,2 days 00:00:00.000000000,set(),The Lancet Public Health,Comment
 Do not violate the International Health<br>Regulations during the COVID-19 outbreak,Roojin Habibi;Gian Luca Burci;Thana C de Campos;Danwood Chirwa;Steven J Hoffman;,10.1016/S0140-6736(20)30373-1,13/02/2020,https://www.sciencedirect.com/science/article/pii/S0140673620303731?dgcid=api_sd_search-api-endpoint,11/02/2020,11/02/2020,13/02/2020,1 days 00:00:00.000000000,set(),The Lancet,Comment
 First imported case of 2019 novel coronavirus<br>in Canada  presenting as mild pneumonia,William Kyle Silverstein;Lynfa Stroud;Graham Edward Cleghorn;Jerome Allen Leis;,10.1016/S0140-6736(20)30370-6,13/02/2020,https://www.sciencedirect.com/science/article/pii/S0140673620303706?dgcid=api_sd_search-api-endpoint,02/02/2020,11/02/2020,13/02/2020,10 days 00:00:00.000000000,set(),The Lancet,Clinical Picture
 COVID-19: what is next for public health?,David L Heymann;Nahoko Shindo;WHO Scientific and Technical Advisory Group for Infectious Hazards;,10.1016/S0140-6736(20)30374-3,13/02/2020,https://www.sciencedirect.com/science/article/pii/S0140673620303743?dgcid=api_sd_search-api-endpoint,11/02/2020,12/02/2020,13/02/2020,2 days 00:00:00.000000000,set(),The Lancet,Comment
 Africa prepares for coronavirus,Munyaradzi Makoni,10.1016/S0140-6736(20)30355-X,13/02/2020,https://www.sciencedirect.com/science/article/pii/S014067362030355X?dgcid=api_sd_search-api-endpoint,12/12/2030,12/12/2030,12/12/2030,1 days 00:00:00.000000000,set(),The Lancet,World Report
 Potential inhibitors against 2019-nCoV<br>coronavirus M protease from clinically approved medicines,Xin Liu;Xiu-Jie Wang;,10.1016/j.jgg.2020.02.001,13/02/2020,https://www.sciencedirect.com/science/article/pii/S1673852720300278?dgcid=api_sd_search-api-endpoint,28/01/2020,08/02/2020,13/02/2020,12 days 00:00:00.000000000,{'China'},Journal of Genetics and Genomics,Letter
 Community pharmacist in public health<br>emergencies: Quick to action against the coronavirus<br>2019-nCoV outbreak,Carolina Oi Lam Ung,10.1016/j.sapharm.2020.02.003,12/02/2020,https://www.sciencedirect.com/science/article/pii/S1551741120301182?dgcid=api_sd_search-api-endpoint,09/02/2020,09/02/2020,12/02/2020,1 days 00:00:00.000000000,{'Macao'},Research in Social and Administrative Pharmacy,Note
 What are the risks of COVID-19 infection in<br>pregnant women?,Jie Qiao,10.1016/S0140-6736(20)30365-2,12/02/2020,https://www.sciencedirect.com/science/article/pii/S0140673620303652?dgcid=api_sd_search-api-endpoint,10/02/2020,10/02/2020,12/02/2020,1 days 00:00:00.000000000,set(),The Lancet,Comment
 Clinical characteristics and intrauterine<br>vertical transmission potential of COVID-19 infection<br>in nine pregnant women: a retrospective review of<br>medical records,Huijun Chen;Juanjuan Guo;Chen Wang;Fan Luo;Yuanzhen Zhang;,10.1016/S0140-6736(20)30360-3,12/02/2020,https://www.sciencedirect.com/science/article/pii/S0140673620303603?dgcid=api_sd_search-api-endpoint,04/02/2020,08/02/2020,12/02/2020,5 days 00:00:00.000000000,set(),The Lancet,Articles
 Toning down the 2019-nCoV media hypeג€”and<br>restoring hope,Giuseppe Ippolito;David S Hui;Francine Ntoumi;Markus Maeurer;Alimuddin Zumla;,10.1016/S2213-2600(20)30070-9,12/02/2020,https://www.sciencedirect.com/science/article/pii/S2213260020300709?dgcid=api_sd_search-api-endpoint,07/02/2020,10/02/2020,12/02/2020,4 days 00:00:00.000000000,set(),The Lancet Respiratory Medicine,Comment
 Anti-Chinese sentiment during the 2019-nCoV<br>outbreak,Roger Yat-Nork Chung;Minnie Ming Li;,10.1016/S0140-6736(20)30358-5,12/02/2020,https://www.sciencedirect.com/science/article/pii/S0140673620303585?dgcid=api_sd_search-api-endpoint,31/01/2020,06/02/2020,12/02/2020,7 days 00:00:00.000000000,set(),The Lancet,Correspondence
 2019-nCoV  fake news  and racism,Kazuki Shimizu,10.1016/S0140-6736(20)30357-3,11/02/2020,https://www.sciencedirect.com/science/article/pii/S0140673620303573?dgcid=api_sd_search-api-endpoint,02/02/2020,06/02/2020,11/02/2020,5 days 00:00:00.000000000,set(),The Lancet,Correspondence
 Early lessons from the frontline of the<br>2019-nCoV outbreak,Hong Zhang,10.1016/S0140-6736(20)30356-1,11/02/2020,https://www.sciencedirect.com/science/article/pii/S0140673620303561?dgcid=api_sd_search-api-endpoint,01/02/2020,06/02/2020,11/02/2020,6 days 00:00:00.000000000,set(),The Lancet,Correspondence
 From Hendra to Wuhan: what has been learned in<br>responding to emerging zoonotic viruses,Lin-Fa Wang;Danielle E Anderson;John S Mackenzie;Michael H Merson;,10.1016/S0140-6736(20)30350-0,11/02/2020,https://www.sciencedirect.com/science/article/pii/S0140673620303500?dgcid=api_sd_search-api-endpoint,07/02/2020,07/02/2020,11/02/2020,1 days 00:00:00.000000000,set(),The Lancet,Comment
 Novel coronavirus: how things are in Wuhan,S. Khan;G. Nabi;G. Han;R. Siddique;M. Adnan Shereen;,10.1016/j.cmi.2020.02.005,11/02/2020,https://www.sciencedirect.com/science/article/pii/S1198743X20300847?dgcid=api_sd_search-api-endpoint,30/01/2020,05/02/2020,11/02/2020,7 days 00:00:00.000000000,{'China'},Clinical Microbiology and Infection,Note
 Novel coronavirus  poor quarantine  and the<br>risk of pandemic,S. Khan;R. Siddique;A. Ali;M. Xue;G. Nabi;,10.1016/j.jhin.2020.02.002,11/02/2020,https://www.sciencedirect.com/science/article/pii/S0195670120300487?dgcid=api_sd_search-api-endpoint,04/02/2020,04/02/2020,11/02/2020,1 days 00:00:00.000000000,{'China'},Journal of Hospital Infection,Note
 An updated estimation of the risk of<br>transmission of the novel coronavirus (2019-nCov),Biao Tang;Nicola Luigi Bragazzi;Qian Li;Sanyi Tang;Jianhong Wu;,10.1016/j.idm.2020.02.001,11/02/2020,https://www.sciencedirect.com/science/article/pii/S246804272030004X?dgcid=api_sd_search-api-endpoint,02/02/2020,09/02/2020,11/02/2020,8 days 00:00:00.000000000,"{'Canada', 'China'}",Infectious Disease Modelling,Article
 The spike glycoprotein of the new coronavirus<br>2019-nCoV contains a furin-like cleavage site absent in<br>CoV of the same clade,B. Coutard;C. Valle;X. de Lamballerie;B. Canard;E. Decroly;,10.1016/j.antiviral.2020.104742,10/02/2020,https://www.sciencedirect.com/science/article/pii/S0166354220300528?dgcid=api_sd_search-api-endpoint,03/02/2020,08/02/2020,10/02/2020,6 days 00:00:00.000000000,{'France'},Antiviral Research,Article
 The first 2019 novel coronavirus case in Nepal,Anup Bastola;Ranjit Sah;Alfonso J Rodriguez-Morales;Bibek Kumar Lal;Basu Dev Pandey;,10.1016/S1473-3099(20)30067-0,10/02/2020,https://www.sciencedirect.com/science/article/pii/S1473309920300670?dgcid=api_sd_search-api-endpoint,02/02/2020,05/02/2020,10/02/2020,4 days 00:00:00.000000000,set(),The Lancet Infectious Diseases,Correspondence
 Coronaphobia: Fear and the 2019-nCoV outbreak,Gordon J. G. Asmundson;Steven Taylor;,10.1016/j.janxdis.2020.102196,10/02/2020,https://www.sciencedirect.com/science/article/pii/S0887618520300104?dgcid=api_sd_search-api-endpoint,12/12/2030,12/12/2030,10/02/2020,1 days 00:00:00.000000000,{'Canada'},Journal of Anxiety Disorders,Editorial
 Going global ג€“ Travel and the 2019 novel<br>coronavirus,Alfonso J. Rodrֳ­guez-Morales;Kirsten MacGregor;Sanch Kanagarajah;Dipti Patel;Patricia Schlagenhauf;,10.1016/j.tmaid.2020.101578,08/02/2020,https://www.sciencedirect.com/science/article/pii/S1477893920300284?dgcid=api_sd_search-api-endpoint,06/02/2020,07/02/2020,08/02/2020,2 days 00:00:00.000000000,{'Colombia'},Travel Medicine and Infectious Disease,Editorial
 Strengthening ICU health security for a<br>coronavirus epidemic,Miia Jansson;Xuelian Liao;Jordi Rello;,10.1016/j.iccn.2020.102812,07/02/2020,https://www.sciencedirect.com/science/article/pii/S096433972030015X?dgcid=api_sd_search-api-endpoint,12/12/2030,12/12/2030,07/02/2020,1 days 00:00:00.000000000,{'Finland'},Intensive and Critical Care Nursing,Editorial
 A contingency plan for the management of the<br>2019 novel coronavirus outbreak in neonatal<br>intensive care units,Jianhui Wang;Hongbo Qi;Lei Bao;Fang Li;National Clinical Research Center for Child Health and Disorders and Pediatric Committee of Medical Association of Chinese People's Liberation Army;,10.1016/S2352-4642(20)30040-7,07/02/2020,https://www.sciencedirect.com/science/article/pii/S2352464220300407?dgcid=api_sd_search-api-endpoint,04/02/2020,05/02/2020,07/02/2020,2 days 00:00:00.000000000,set(),The Lancet Child & Adolescent Health,Comment
 A data driven time-dependent transmission<br>rate for tracking an epidemic: a case study of<br>2019-nCoV,Norden E. Huang;Fangli Qiao;,10.1016/j.scib.2020.02.005,07/02/2020,https://www.sciencedirect.com/science/article/pii/S2095927320300669?dgcid=api_sd_search-api-endpoint,12/12/2030,12/12/2030,07/02/2020,1 days 00:00:00.000000000,{'China'},Science Bulletin,News & Views
 Genome Composition and Divergence of the Novel<br>Coronavirus (2019-nCoV) Originating in China,Aiping Wu;Yousong Peng;Baoying Huang;Xiao Ding;Taijiao Jiang;,10.1016/j.chom.2020.02.001,07/02/2020,https://www.sciencedirect.com/science/article/pii/S193131282030072X?dgcid=api_sd_search-api-endpoint,12/12/2030,12/12/2030,07/02/2020,1 days 00:00:00.000000000,{'China'},Cell Host and Microbe,Article
 Game consumption and the 2019 novel<br>coronavirus,Jie Li;Jun (Justin) Li;Xiaoru Xie;Xiaomei Cai;Hong Zhu;,10.1016/S1473-3099(20)30063-3,07/02/2020,https://www.sciencedirect.com/science/article/pii/S1473309920300633?dgcid=api_sd_search-api-endpoint,31/01/2020,31/01/2020,07/02/2020,1 days 00:00:00.000000000,set(),The Lancet Infectious Diseases,Comment
 2019-nCoV epidemic: address mental health<br>care to empower society,Yanping Bao;Yankun Sun;Shiqiu Meng;Jie Shi;Lin Lu;,10.1016/S0140-6736(20)30309-3,07/02/2020,https://www.sciencedirect.com/science/article/pii/S0140673620303093?dgcid=api_sd_search-api-endpoint,28/01/2020,04/02/2020,07/02/2020,8 days 00:00:00.000000000,set(),The Lancet,Correspondence
 Clinical evidence does not support<br>corticosteroid treatment for 2019-nCoV lung injury,Clark D Russell;Jonathan E Millar;J Kenneth Baillie;,10.1016/S0140-6736(20)30317-2,07/02/2020,https://www.sciencedirect.com/science/article/pii/S0140673620303172?dgcid=api_sd_search-api-endpoint,04/02/2020,05/02/2020,07/02/2020,2 days 00:00:00.000000000,set(),The Lancet,Comment
 Prospect and application of Internet of Things<br>technology for prevention of SARIs,Yuanlin Song;Jinjun Jiang;Xun Wang;Dawei Yang;Chunxue Bai;,10.1016/j.ceh.2020.02.001,07/02/2020,https://www.sciencedirect.com/science/article/pii/S2588914120300022?dgcid=api_sd_search-api-endpoint,12/12/2030,12/12/2030,12/12/2030,0 days 00:00:00.000000000,set(),Clinical eHealth,Article
 Maps  masks and media ג€“ Traveller and<br>practitioner resources for 2019 novel coronavirus<br>(2019-nCoV) acute respiratory virus,Jane Chiodini,10.1016/j.tmaid.2020.101574,07/02/2020,https://www.sciencedirect.com/science/article/pii/S1477893920300247?dgcid=api_sd_search-api-endpoint,04/02/2020,04/02/2020,07/02/2020,1 days 00:00:00.000000000,{'United Kingdom'},Travel Medicine and Infectious Disease,Note
 2019-nCoV epidemic: what about pregnancies?,Guillaume Favre;Lֳ©o Pomar;Didier Musso;David Baud;,10.1016/S0140-6736(20)30311-1,06/02/2020,https://www.sciencedirect.com/science/article/pii/S0140673620303111?dgcid=api_sd_search-api-endpoint,30/01/2020,04/02/2020,06/02/2020,6 days 00:00:00.000000000,set(),The Lancet,Correspondence
 What to do next to control the 2019-nCoV<br>epidemic?,Fu-Sheng Wang;Chao Zhang;,10.1016/S0140-6736(20)30300-7,06/02/2020,https://www.sciencedirect.com/science/article/pii/S0140673620303007?dgcid=api_sd_search-api-endpoint,03/02/2020,03/02/2020,03/02/2020,1 days 00:00:00.000000000,set(),The Lancet,Comment
 Coronavirus infections reported by ProMED <br>February 2000ג€“January 2020,D. Katterine Bonilla-Aldana;Yeimer Holguin-Rivera;Isabella Cortes-Bonilla;Marֳ­a C. Cardona-Trujillo;Alfonso J. Rodriguez-Morales;,10.1016/j.tmaid.2020.101575,06/02/2020,https://www.sciencedirect.com/science/article/pii/S1477893920300259?dgcid=api_sd_search-api-endpoint,27/01/2020,04/02/2020,06/02/2020,9 days 00:00:00.000000000,{'Colombia'},Travel Medicine and Infectious Disease,Article
 What is ahead for health policy and technology<br>in the 2020s?,Donald R. J. Singer;Ken Redekop;,10.1016/j.hlpt.2020.02.003,05/02/2020,https://www.sciencedirect.com/science/article/pii/S2211883720300101?dgcid=api_sd_search-api-endpoint,12/12/2030,12/12/2030,05/02/2020,1 days 00:00:00.000000000,{'United Kingdom'},Health Policy and Technology,Editorial
 The mental health of medical workers in Wuhan <br>China dealing with the 2019 novel coronavirus,Lijun Kang;Yi Li;Shaohua Hu;Min Chen;Zhongchun Liu;,10.1016/S2215-0366(20)30047-X,05/02/2020,https://www.sciencedirect.com/science/article/pii/S221503662030047X?dgcid=api_sd_search-api-endpoint,28/01/2020,29/01/2020,05/02/2020,2 days 00:00:00.000000000,set(),The Lancet Psychiatry,Correspondence
 Reducing mortality from 2019-nCoV:<br>host-directed therapies should be an option,Alimuddin Zumla;David S Hui;Esam I Azhar;Ziad A Memish;Markus Maeurer;,10.1016/S0140-6736(20)30305-6,05/02/2020,https://www.sciencedirect.com/science/article/pii/S0140673620303056?dgcid=api_sd_search-api-endpoint,31/01/2020,03/02/2020,05/02/2020,4 days 00:00:00.000000000,set(),The Lancet,Correspondence
 Pathogenicity and transmissibility of<br>2019-nCoVג€”A quick overview and comparison with other<br>emerging viruses,Jieliang Chen,10.1016/j.micinf.2020.01.004,04/02/2020,https://www.sciencedirect.com/science/article/pii/S1286457920300265?dgcid=api_sd_search-api-endpoint,28/01/2020,29/01/2020,04/02/2020,2 days 00:00:00.000000000,{'China'},Microbes and Infection,Article
 Timely mental health care for the 2019 novel<br>coronavirus outbreak is urgently needed,Yu-Tao Xiang;Yuan Yang;Wen Li;Ling Zhang;Chee H Ng;,10.1016/S2215-0366(20)30046-8,04/02/2020,https://www.sciencedirect.com/science/article/pii/S2215036620300468?dgcid=api_sd_search-api-endpoint,27/01/2020,29/01/2020,04/02/2020,3 days 00:00:00.000000000,set(),The Lancet Psychiatry,Comment
 A new pandemic out of China: the Wuhan 2019-nCoV<br>coronavirus syndrome,Donald R. J. Singer,10.1016/j.hlpt.2020.02.001,04/02/2020,https://www.sciencedirect.com/science/article/pii/S2211883720300083?dgcid=api_sd_search-api-endpoint,07/04/2020,19/04/2020,22/05/2020,13 days 00:00:00.000000000,{'United Kingdom'},Health Policy and Technology,Editorial
 Coronavirus disease (COVID-19): The need to<br>maintain regular physical activity while taking<br>precautions,Peijie Chen;Lijuan Mao;George P. Nassis;Peter Harmer;Fuzhong Li;,10.1016/j.jshs.2020.02.001,04/02/2020,https://www.sciencedirect.com/science/article/pii/S2095254620300144?dgcid=api_sd_search-api-endpoint,02/02/2020,03/02/2020,04/02/2020,2 days 00:00:00.000000000,{'China'},Journal of Sport and Health Science,Opinion
 Should  and how can  exercise be done during a<br>coronavirus outbreak? An interview with Dr. Jeffrey A.<br>Woods,Weimo Zhu,10.1016/j.jshs.2020.01.005,04/02/2020,https://www.sciencedirect.com/science/article/pii/S2095254620300120?dgcid=api_sd_search-api-endpoint,12/12/2030,12/12/2030,12/12/2030,0 days 00:00:00.000000000,{'United States'},Journal of Sport and Health Science,Interview
 Outbreak of novel Corona virus (2019-nCoV);<br>implications for travelers to Pakistan,Ubaid Ur Rahman Qureshi;Sadia Saleem;Aisha Khan;Muhammad Sohail Afzal;Haroon Ahmed;,10.1016/j.tmaid.2020.101571,04/02/2020,https://www.sciencedirect.com/science/article/pii/S1477893920300211?dgcid=api_sd_search-api-endpoint,29/01/2020,03/02/2020,04/02/2020,6 days 00:00:00.000000000,{'Turkey'},Travel Medicine and Infectious Disease,Letter
 Coronavirus in China,Talha Khan Burki,10.1016/S2213-2600(20)30056-4,03/02/2020,https://www.sciencedirect.com/science/article/pii/S2213260020300564?dgcid=api_sd_search-api-endpoint,12/12/2030,12/12/2030,03/02/2020,1 days 00:00:00.000000000,set(),The Lancet Respiratory Medicine,News
 Measures for diagnosing and treating<br>infections by a novel coronavirus responsible for a<br>pneumonia outbreak originating in Wuhan  China,Fei Yu;Lanying Du;David M. Ojcius;Chungen Pan;Shibo Jiang;,10.1016/j.micinf.2020.01.003,01/02/2020,https://www.sciencedirect.com/science/article/pii/S1286457920300253?dgcid=api_sd_search-api-endpoint,24/01/2020,24/01/2020,01/02/2020,1 days 00:00:00.000000000,{'China'},Microbes and Infection,Article
